100775,雨伞树 1
100774,腊八粥
100773,你从哪儿里来？
100772,牙婆婆
100771,肚子里的小人儿
100770,爸爸的好儿子
100768,我当大哥哥了 2
100767,我当大哥哥了 1
100766,我想有个家 2
100765,我想有个家 1
100764,我爱爸爸 我爱爸爸妈妈系列
100763,分享
100762,在一起
100761,我爱二宝
100760,我爱妈妈
100759,我爱狗狗
100758,爸爸
100757,你出生的那天晚上
100756,你的皇冠我的宝贝
100755,第一次见到你 3
100754,第一次见到你 2
100753,第一次见到你 1
100752,说100次我爱你
100751,约瑟夫有件旧外套
100750,我也想有个小宝宝
100749,和爸爸一起真好
100748,外婆和大公鸡
100747,我和我的疯姐姐 2
100746,我和我的疯姐姐 1
100745,我妈妈
100744,我爸爸
100743,妈妈去上班 2
100742,妈妈去上班 1
100741,和爸爸一起读书 2
100740,和爸爸一起读书 1
100739,为爱朗读
100738,幼儿园日志 2
100737,幼儿园日记 1
100736,幼儿园里交朋友
100735,我妈妈上班去了
100734,小猫和大红校车
100731,你好，幼儿园
100730,妈妈，我还要上幼儿园
100729,妈妈去上幼儿园
100728,宝贝，我知道那就是你
100725,小羊找妈妈 2
100724,小羊找妈妈 1
100723,我爱爸爸
100722,苹果树上的死神 3
100721,苹果树上的死神 2
100720,苹果树上的死神 1
100711,不可以！
100710,爱书的孩子
100709,20个上幼儿园的好理由
100707,阿立会穿裤子了
100706,园丁 2
100705,园丁 1
100704,我有友情要出租 2
100703,我有友情要出租 1
100702,松鼠先生和第一场雪
100701,打造完美爸妈 2
100699,打造完美爸妈 1
100698,怕黑的麦克
100697,麦克的小鱼
100696,麦克的礼物
100695,不礼貌的婆婆
100694,大黑狗 2
100693,大黑狗 1
100692,我能自己做
100691,大大的小东西
100690,阿春奶奶的手 2
100689,阿春奶奶的手 1
100688,杰瑞的冷静太空 2
100687,杰瑞的冷静太空 1
100686,生气汤
100685,绵羊国王路易一世
100684,狗的鼻子为什么湿漉漉 3
100683,狗的鼻子为什么湿漉漉 2
100682,狗的鼻子为什么湿漉漉 1
100681,奶奶不认识我了 4
100680,奶奶不认识我了 3
100679,奶奶不认识我了 2
100678,奶奶不认识我了 1
100677,小白找朋友
100676,我的爸爸很温柔，很听话，但是……
100675,我爸爸很高大，很强壮，但是……
100674,狼饿的时候 2
100673,狼饿的时候 1
100672,那一天，我失去了超能力
100671,妈妈，给我讲个故事吧！
100670,藏起来的礼物
100669,月亮晚上做什么
100668,你醒了吗？
100667,门外没有大灰狼
100663,迟到的理由
100660,原来妈妈也有起床气
100659,好臭好臭的屁
100658,奶奶来了2
100656,奶奶来了1
100655,尿尿大冒险
100648,三个强盗
100644,黑暗
100643,爱放屁的波弟
100636,胡萝卜怪
100633,憋不住，憋不住，快要憋不住了！
100616,胆小鬼威利
100586,爸爸坐在一只鸭子上
100422,今天，我可以不上学吗？
100417,因为爱 2
100416,拯救独角人
100415,因为爱 1
100414,爱画画的小狗
100413,唱歌当饭吃 2
100412,唱歌当饭吃 1
100410,胖石头
100407,青蛙变变变
100406,小家伙的大秘密 2
100404,小家伙的大秘密 1
100403,高个子蛇
100402,小弹珠大麻烦
100401,抱抱熊 2
100400,抱抱熊 1
100399,绿池白鹅 2
100398,绿池白鹅 1
100395,谭妮亚要跟我结婚？ 2
100394,杜比去非洲 3
100393,杜比去非洲 2
100392,杜比去非洲 1
100391,谭妮亚要跟我结婚？ 1
100390,好，我决定了
100389,杜比去北极
100388,再见人鱼
100376,我不会走丢 3
100375,爸爸的吻
100372,我不会走丢 2
100367,我不会走丢 1
100363,我的名字叫鲍勃
100362,有一个宝贝
100360,奇幻之夜 2
100357,金鱼王在哪里
100346,小鸡鸡的故事
100343,神奇的小店 2
100342,当我们同在一起 3
100341,当我们同在一起 2
100338,别了，欢河谷 2
100337,小野猪马克西 2
100334,我非常非常生气 2
100333,妈妈今天不陪我 2
100332,野兽王子 2
100331,幼儿园里的男老师 2
100330,超市历险记 2
100329,照顾小狗真难 2
100327,第一次坐飞机 2
100320,乳房的故事
100316,我能保护自己
100314,我懂得寻求帮助
100313,当我们同在一起 1
100312,小黑猫和大个子熊
100311,我不哭了
100310,我非常非常生气 1
100309,幼儿园里的男老师 1
100308,长靴猫大侠
100307,妈妈今天不陪我 1
100306,下雪啦
100305,超市历险记 1
100303,照顾小狗真难 1
100302,第一次坐飞机 1
100300,奇幻之夜 1
100298,别了，欢河谷 1
100295,我们是朋友
100294,我不喜欢水
100292,野兽王子 1
100287,小满
100285,还我们帽子
100284,妈妈的连衣裙
100283,妈妈，给你苹果汁！
100282,小野猪马克西 1
100281,送给圣诞老人的苹果
100279,神奇的小店 1
100277,国王的信使
100275,谁来晚餐
100272,捡到一个小东西
100266,奥利和妈妈去郊游
100261,小熊今天怎么了
100254,三只小猪（第三节）
100253,三只小猪（第二节）
100252,三只小猪（第一节）
100251,美女与野兽（第三节）
100250,美女与野兽（第二节）
100249,羽毛婆婆（第三节）
100239,羽毛婆婆（第二节）
100238,羽毛婆婆（第一节）
100237,寻找丢失的颜色
100233,美女与野兽（第一节）
100232,最好吃的蛋糕
100230,玉米派对
100229,熊猫村长的责任
100228,小羊上山
100226,小猴看家
100225,小黑熊游泳
100222,蜗牛妈妈要过节
100218,木匠和木头发生的故事：会说话的木头
100217,美丽的笑容
100216,没穿衣服的小豆粒
100215,金色的星星
100214,黑猫警长三次电话铃
100213,大象呼呼和小象哈哈
100212,大头儿子小头爸爸:夜晚的小路
100211,大个儿熊的喷嚏
100210,小兔子种钱
100209,转圈圈的猪
100208,醉猴
100206,长颈鹿找朋友
100205,沾满泥的小象
100204,雨孩子
100203,一只聪明的老鼠
100202,雪地上的舞蹈
100201,小猪卖橘子（第三节）
100200,小猪卖橘子（第二节）
100199,小猪卖橘子（第一节）
100198,小鼹鼠学啊
100197,小蜗牛的房子漏雨了
100196,小老鼠的勇气
100195,小蝌蚪找妈妈
100194,呜啦啦，房子在长大
100193,跳跳猴逃跑了
100192,水晶球
100191,收集女巫
100190,上帝的食物
100189,山羊拜师
100188,快乐的小乌龟之小房子――上山
100187,快乐的小乌龟之小房子――气人的小房子
100186,快乐的小乌龟之小房子――令人满意的小房子
100185,金钥匙
100184,绘本里的兔子
100183,狐狸扮成狼
100182,果子，果子
100181,公主的月亮
100180,锄头和镰刀
100179,馋嘴巴老鼠
100178,拔河马比赛
100177,爱漂亮的小企鹅
100176,爱吹牛皮的猴子
100174,青蛙与男孩
100170,游褒禅山记
100169,秋声赋
100168,种树郭橐驼传
100167,送李愿归盘谷序
100166,杂说四・马说
100165,祭十二郎文
100164,春夜宴诸从弟桃李园序
100163,山中与裴秀才迪书
100162,秋日登洪府滕王阁饯别序
100161,与陈伯之书
100160,别赋
100159,山中
100158,送杜少府之任蜀川
100153,别范安成
100152,王孙游
100151,赠范晔
100150,迢迢少女星
100148,思旧赋并序
100147,与山巨源绝交书
100146,洛神赋
100145,登楼赋
100144,诫兄子严敦书
100143,答苏武书
100142,报任安书
100141,过秦论
100140,谏逐客令
100139,养生主
100138,五人墓碑记
100137,陶庵梦忆・湖心亭看雪
100134,拟行路难（其四）
100133,杂诗
100132,饮酒（其五）
100131,归园田居（其三）
100130,归园田居（其一）
100129,龟虽寿
100128,观沧海
100127,明月何皎皎
100125,庭中有奇树
100124,涉江采芙蓉
100123,登江中孤屿
100122,从军行
100121,上邪
100120,长歌行
100119,赠从弟
100118,野有蔓草
100117,静女
100116,垓下歌
100115,蒹葭
100114,口技
100111,出师表
100110,指南录后序
100109,后赤壁赋
100108,前赤壁赋
100107,记承天寺夜游
100106,醉翁亭记
100105,爱莲说
100104,岳阳楼记
100103,至小丘小石潭记
100102,阿房宫赋
100101,水经注・三峡
100100,阿布达拉第四节
100099,阿布达拉第三节
100098,阿布达拉第二节
100097,阿布达拉第一节
100094,丑小鸭第三节
100093,丑小鸭第二节
100091,丑小鸭第一节
100082,五颗豌豆第四节
100081,五颗豌豆第三节
100080,五颗豌豆第二节
100079,五颗豌豆第一节
100071,陋室铭
100070,答谢中书书
100069,五柳先生传
100068,桃花源记
100067,归去来兮辞
100066,兰亭集序
100065,陈情表
100064,渔父
100063,逍遥游
53,杰克与豌豆
52,致橡树
51,再别康桥
50,小桔灯
49,乡愁
48,木兰诗
47,小兔子和小松鼠躲猫猫
46,不怕冷的大衣
44,月亮汤
43,幼儿园里来了一只企鹅
42,小狗的火箭
41,木匠和木头的故事
40,帮花狗奶奶挑水
39,小王子
38,最好玩儿的国王
